site_id,target,mae_baseline,mae_model,mape_baseline,mape_model
S1,units_produced,82.5,69.13261413574219,0.06363136609043588,0.054217893872783904
S1,power_kwh,561.0714285714286,296.9418640136719,0.11290606992691633,0.06365508752319404
S2,units_produced,152.5,78.5206069946289,0.10008309778524183,0.050411655711175805
S2,power_kwh,543.0,309.8996887207031,0.10951079075041185,0.06255455536909042
S3,units_produced,148.21428571428572,56.090946197509766,0.13040363809809488,0.05018976819625021
S3,power_kwh,575.7142857142857,179.0990447998047,0.13600608590249294,0.04370056018683999
S4,units_produced,137.07142857142858,77.1350326538086,0.1010253055212759,0.055197822706252744
S4,power_kwh,585.7857142857143,217.33444213867188,0.11294003132296238,0.0456070019259578
